200,100,Jhon,Alex
250,200,Pepe,Pepe
300,300,maria,Maria
510,500,Pepa,Pepa
750,700,Lucas,Luca
1000.12345,1000.12345,Cata,Cata